"Position","StartingSpots","ValueMeanResidual","ADPMeanResidual","SkillAddedPerSeason","SkillAddedPerGame"
"QB",1,6.03310687375969,-6.03310687375968,12.0662137475194,0.754138359219961
"RB",2.5,4.39464165305384,-4.39464165305388,21.9732082652693,1.37332551657933
"WR",2.5,3.96044499921814,-3.96044499921813,19.8022249960907,1.23763906225567
"TE",1,13.063019738207,-13.063019738207,26.126039476414,1.63287746727588
