"year","rd","pct"
2002,"H",0.107595441141309
2014,"H",0.109904067921249
2010,"F",0.109966227858571
2014,"F",0.110940268075008
2006,"G",0.111230686447844
2010,"A",0.111310221241988
2002,"D",0.111899258786961
2006,"D",0.116650011530479
