"year","rd","pct"
2002,"F",0.144656093089982
2014,"G",0.14416552461811
2010,"H",0.139671927768971
2006,"C",0.139634099469598
2010,"G",0.137879936591081
2014,"D",0.136611291239095
2002,"A",0.136168008288834
2014,"B",0.134004077948992
